id,common_name,observed_on,place_guess,location,quality_grade,annotation_summary,url
267124187,Atlantic Menhaden,2022-09-20 13:14:00-04:00,"Sea Bright Beach, Sea Bright, NJ 07760, USA","[40.3627164, -73.9724701]",research,,https://www.inaturalist.org/observations/267124187
266802011,Atlantic Menhaden,2020-12-22 14:09:00-05:00,"Galloway, NJ, USA","[39.4590242296, -74.4355254427]",research,,https://www.inaturalist.org/observations/266802011
266799649,Atlantic Menhaden,2020-12-06 11:04:00-05:00,"Barnegat Light, NJ, USA","[39.7584198731, -74.0947765563]",research,,https://www.inaturalist.org/observations/266799649
256389839,Atlantic Menhaden,2024-09-13 10:40:00-04:00,"Cape May, NJ, USA","[38.9285698, -74.933531]",research,Life Stage: Adult,https://www.inaturalist.org/observations/256389839
255425238,Atlantic Menhaden,2024-05-19 10:03:00-04:00,"Cape May County, NJ, USA","[38.9646987585, -74.9655049657]",research,"Life Stage: Adult, Alive or Dead: Dead",https://www.inaturalist.org/observations/255425238
253221403,Atlantic Menhaden,2024-11-25 11:14:28-05:00,"Barnegat Light, NJ, USA","[39.7531661944, -74.1023406944]",research,,https://www.inaturalist.org/observations/253221403
252216611,Atlantic Menhaden,2024-11-18 15:00:27-05:00,"North Atlantic Ocean, NJ, US","[39.9310416667, -74.0715111667]",research,Alive or Dead: Dead,https://www.inaturalist.org/observations/252216611
251731662,Atlantic Menhaden,2024-11-10 09:56:00-05:00,"Cape May County, NJ, USA","[38.9660156097, -74.9703410232]",research,,https://www.inaturalist.org/observations/251731662
251387721,Atlantic Menhaden,2024-11-09 17:56:09-05:00,"Sea Girt, NJ 08750, USA","[40.1383778, -74.0277179997]",research,,https://www.inaturalist.org/observations/251387721
249947014,Atlantic Menhaden,2024-10-26 13:52:44-04:00,"Port Republic, NJ, USA","[39.5178744997, -74.4950531]",research,,https://www.inaturalist.org/observations/249947014
249021857,Atlantic Menhaden,2024-10-24 11:11:56-04:00,"Manasquan River, Manasquan, NJ, US","[40.1062305, -74.0382]",research,,https://www.inaturalist.org/observations/249021857
249020165,Atlantic Menhaden,2024-10-24 11:11:56-04:00,"Manasquan River, Manasquan, NJ, US","[40.1062305, -74.0382]",research,,https://www.inaturalist.org/observations/249020165
246865117,Atlantic Menhaden,2024-10-11 16:07:58-04:00,United States,"[40.170895905, -74.1202967062]",research,,https://www.inaturalist.org/observations/246865117
246635506,Atlantic Menhaden,2024-10-10 11:06:01-04:00,"Port Norris, NJ 08349, USA","[39.2953871246, -75.1234321296]",research,,https://www.inaturalist.org/observations/246635506
245832576,Atlantic Menhaden,2024-09-21 13:00:21-04:00,"Shell Pile, Wildwood, NJ, US","[38.9498633378, -74.8568534823]",research,,https://www.inaturalist.org/observations/245832576
245290758,Atlantic Menhaden,2024-10-02 16:09:57-04:00,"Lower Township, NJ, USA","[38.9549527778, -74.908975]",research,,https://www.inaturalist.org/observations/245290758
245290054,Atlantic Menhaden,2024-10-02 16:10:28-04:00,"Cape May Harbor, Cape May, NJ, US","[38.9452663204, -74.9001525623]",research,,https://www.inaturalist.org/observations/245290054
245173079,Atlantic Menhaden,2024-09-24,"Lower Township, NJ, USA","[38.9606333333, -74.9599388889]",research,Alive or Dead: Dead,https://www.inaturalist.org/observations/245173079
244809204,Atlantic Menhaden,2024-09-24 10:31:56-04:00,"Cape Island, Cape May, NJ, US","[38.960605, -74.9599916667]",research,,https://www.inaturalist.org/observations/244809204
244394019,Atlantic Menhaden,2024-09-27 16:31:12-04:00,"Bayshore, Sayreville, NJ, US","[40.4763416667, -74.2669966667]",research,,https://www.inaturalist.org/observations/244394019
244060540,Atlantic Menhaden,2024-09-22 10:52:46-04:00,"Little Egg Harbor Township, NJ 08087, USA","[39.5389417, -74.3255699997]",research,,https://www.inaturalist.org/observations/244060540
243176837,Atlantic Menhaden,2024-09-21 14:21:44-04:00,"Gateway National Recreation Area, Highlands, NJ, US","[40.45118, -74.0020611167]",research,,https://www.inaturalist.org/observations/243176837
241999817,Atlantic Menhaden,2023-05-17 03:21:00-04:00,"Sandy Hook, Middletown Township, NJ, USA","[40.4686913454, -73.99848593]",research,,https://www.inaturalist.org/observations/241999817
240807714,Atlantic Menhaden,2024-08-25 15:31:00-04:00,Villas Beach,"[39.0278142872, -74.9431141368]",research,,https://www.inaturalist.org/observations/240807714
239945363,Atlantic Menhaden,2024-09-05 07:13:43-04:00,"Cape Island, Cape May, NJ, US","[38.9359859293, -74.9421917457]",research,,https://www.inaturalist.org/observations/239945363
239898288,Atlantic Menhaden,2024-09-04 19:34:26-04:00,"Stephan Ave, Toms River, NJ, US","[40.0045916667, -74.1170195]",research,,https://www.inaturalist.org/observations/239898288
239881137,Atlantic Menhaden,2024-09-04 19:35:20-04:00,"Stephan Ave, Toms River, NJ, US","[40.0045929988, -74.1170546242]",research,,https://www.inaturalist.org/observations/239881137
239315352,Atlantic Menhaden,2024-08-29 13:30:42-04:00,United States,"[40.165863824, -74.0257488702]",research,,https://www.inaturalist.org/observations/239315352
238495553,Atlantic Menhaden,2024-08-20 10:40:00-04:00,"Lower Township, NJ, USA","[38.9339401113, -74.9582895819]",research,Alive or Dead: Dead,https://www.inaturalist.org/observations/238495553
236788261,Atlantic Menhaden,2024-08-19 16:23:26-04:00,"Shark River, Belmar, NJ, US","[40.1815633333, -74.0302195]",research,Alive or Dead: Dead,https://www.inaturalist.org/observations/236788261
235626611,Atlantic Menhaden,2024-08-13 15:40:08-04:00,United States,"[40.1282069293, -74.1371273802]",research,,https://www.inaturalist.org/observations/235626611
233987947,Atlantic Menhaden,2024-08-04 00:17:00-04:00,United States,"[40.0208836838, -74.072429622]",research,,https://www.inaturalist.org/observations/233987947
232829912,Atlantic Menhaden,2024-07-29 16:05:06-04:00,"Sea Girt, New Jersey 08750, États-Unis","[40.1387920563, -74.0289248899]",research,,https://www.inaturalist.org/observations/232829912
232617897,Atlantic Menhaden,2024-07-29 12:38:01-04:00,"Boulevard East, Keyport, NJ, US","[40.4528783333, -74.2322]",research,,https://www.inaturalist.org/observations/232617897
231932563,Atlantic Menhaden,2024-07-26 17:06:56-04:00,"New Jersey, US","[39.1448528212, -74.7365735485]",research,,https://www.inaturalist.org/observations/231932563
229240603,Atlantic Menhaden,2024-07-13 19:23:58-04:00,United States,"[40.1014438898, -74.1434479836]",research,,https://www.inaturalist.org/observations/229240603
229126202,Atlantic Menhaden,2024-07-13 17:52:59-04:00,"North Atlantic Ocean, North Wildwood, NJ, US","[39.0055960337, -74.7876311287]",research,,https://www.inaturalist.org/observations/229126202
228560298,Atlantic Menhaden,2024-07-10 20:43:11-04:00,"Barnegat Bay, Seaside Park, NJ, US","[39.9339907399, -74.0794357318]",research,,https://www.inaturalist.org/observations/228560298
227526118,Atlantic Menhaden,2024-07-06 10:49:46-04:00,"Raritan River, Highland Park, NJ, US","[40.4884949132, -74.4222488017]",research,,https://www.inaturalist.org/observations/227526118
227453551,Atlantic Menhaden,2024-07-05 22:49:21-04:00,"Ocean Ave, Sea Bright, NJ, US","[40.3589033333, -73.9752966667]",research,,https://www.inaturalist.org/observations/227453551
227452554,Atlantic Menhaden,2024-07-05 22:38:56-04:00,"Ocean Ave, Sea Bright, NJ, US","[40.3589216667, -73.97538]",research,,https://www.inaturalist.org/observations/227452554
226674591,Atlantic Menhaden,2024-07-01 14:00:33-04:00,"Wills Hole Thoroughfare, Point Pleasant Beach, NJ, US","[40.1006583333, -74.0494166667]",research,,https://www.inaturalist.org/observations/226674591
226673742,Atlantic Menhaden,2024-07-01 16:32:10-04:00,"Shark River, Belmar, NJ, US","[40.1872, -74.01116945]",research,,https://www.inaturalist.org/observations/226673742
225844835,Atlantic Menhaden,2024-06-04 14:08:00-04:00,"Seaside Park, NJ 08752, USA","[39.924797, -74.079722]",research,,https://www.inaturalist.org/observations/225844835
224227007,Atlantic Menhaden,2024-06-21 13:52:01-04:00,"Sea Girt Beach, Sea Girt, NJ, US","[40.1276184997, -74.0284380397]",research,,https://www.inaturalist.org/observations/224227007
224222530,Atlantic Menhaden,2024-06-21 13:28:44-04:00,"Sea Girt Beach, Sea Girt, NJ, US","[40.1272671702, -74.0298628271]",research,,https://www.inaturalist.org/observations/224222530
224199049,Atlantic Menhaden,2024-06-20 15:03:50-04:00,"Wills Hole Thoroughfare, Point Pleasant Beach, NJ, US","[40.100625, -74.0494221667]",research,,https://www.inaturalist.org/observations/224199049
224197602,Atlantic Menhaden,2024-06-20 21:36:56-04:00,"Wreck Pond, Sea Girt, NJ, US","[40.1384195, -74.0272]",research,,https://www.inaturalist.org/observations/224197602
222586704,Atlantic Menhaden,2024-06-13 21:43:16-04:00,"Wills Hole Thoroughfare, Point Pleasant Beach, NJ, US","[40.1006471667, -74.0494611667]",research,Alive or Dead: Alive,https://www.inaturalist.org/observations/222586704
221926268,Atlantic Menhaden,2024-06-10 02:46:11-04:00,"Point Pleasant Beach, NJ 08742, USA","[40.1007419722, -74.0489409722]",research,,https://www.inaturalist.org/observations/221926268
221408362,Atlantic Menhaden,2024-06-08 17:04:49-04:00,"Cumberland County, US-NJ, US","[39.19409273, -75.01808185]",research,,https://www.inaturalist.org/observations/221408362
221387612,Atlantic Menhaden,2024-06-07 16:34:28-04:00,"Raritan Bay, Keyport, NJ, US","[40.4542283333, -74.2268966667]",research,,https://www.inaturalist.org/observations/221387612
221029120,Atlantic Menhaden,2024-06-06 21:17:33-04:00,"Lakeshore Dr, Atlantic Highlands, NJ, US","[40.4521533333, -74.2225583333]",research,,https://www.inaturalist.org/observations/221029120
219878646,Atlantic Menhaden,2024-06-01 16:20:15-04:00,"North Atlantic Ocean, NJ, US","[40.3159841641, -73.907940804]",research,,https://www.inaturalist.org/observations/219878646
219853737,Atlantic Menhaden,2024-06-01 09:29:10-04:00,"Bay Ave, Heislerville, NJ, US","[39.1936383333, -75.0209721667]",research,,https://www.inaturalist.org/observations/219853737
218021503,Atlantic Menhaden,2024-05-24 19:06:20-04:00,"Raritan Bay, Sayreville, NJ, US","[40.477225, -74.2672283333]",research,Alive or Dead: Alive,https://www.inaturalist.org/observations/218021503
216138714,Atlantic Menhaden,2024-05-16 12:40:14-04:00,"Beach Ave, Bridgeton, NJ, US","[39.3206866667, -75.3198866667]",research,,https://www.inaturalist.org/observations/216138714
213532225,Atlantic Menhaden,2021-11-09 13:49:00-05:00,"Sandy Hook, Middletown Township, NJ, USA","[40.4333496, -73.9885498]",research,Alive or Dead: Dead,https://www.inaturalist.org/observations/213532225
208601184,Atlantic Menhaden,2023-07-08 14:24:00-04:00,"Liberty State Park, 1 Audrey Zapp Dr, Jersey City, NJ 07305, USA","[40.7018802, -74.0529343]",research,,https://www.inaturalist.org/observations/208601184
206632005,Atlantic Menhaden,2023-11-07 11:29:20-05:00,"North Atlantic Ocean, NJ, US","[40.4713829002, -73.9939016943]",research,,https://www.inaturalist.org/observations/206632005
204608921,Atlantic Menhaden,2024-03-27 11:55:34-04:00,"Palmyra, NJ, USA","[40.0086021997, -75.0437122]",research,,https://www.inaturalist.org/observations/204608921
197786041,Atlantic Menhaden,2024-01-27 07:43:34-05:00,"Brigantine, NJ 08203, USA","[39.4350816001, -74.3345411494]",research,,https://www.inaturalist.org/observations/197786041
196400216,Atlantic Menhaden,2023-10-22 11:03:05-04:00,"North Atlantic Ocean, NJ, US","[40.4724948793, -73.9952455859]",research,,https://www.inaturalist.org/observations/196400216
194062093,Atlantic Menhaden,2023-12-15 15:17:00-05:00,"Cape May County, NJ, USA","[39.2667175589, -74.5851671721]",research,Alive or Dead: Dead,https://www.inaturalist.org/observations/194062093
193210494,Atlantic Menhaden,2023-12-04 12:49:39-05:00,"Middletown Township, NJ, USA","[40.4536671997, -74.026784]",research,,https://www.inaturalist.org/observations/193210494
192509487,Atlantic Menhaden,2020-11-27 12:33:00-05:00,"Englewood Cliffs, NJ 07632, USA","[40.8631573975, -73.9538994681]",research,,https://www.inaturalist.org/observations/192509487
191179970,Atlantic Menhaden,2023-11-15 12:34:58-05:00,"Ocean County, NJ, USA","[39.5171032, -74.2703721]",research,,https://www.inaturalist.org/observations/191179970
190906944,Atlantic Menhaden,2023-11-06 13:10:20-05:00,"Middletown Township, NJ, USA","[40.4623264, -74.0437759997]",research,,https://www.inaturalist.org/observations/190906944
189987169,Atlantic Menhaden,2023-11-04 14:25:00-04:00,"Ocean City, NJ, USA","[39.2585827387, -74.6154405437]",research,Alive or Dead: Alive,https://www.inaturalist.org/observations/189987169
188931545,Atlantic Menhaden,2021-12-31 10:50:20-05:00,"Gateway National Recreation Area, Monmouth County, US-NJ, US","[40.4558097514, -73.9958805999]",research,Alive or Dead: Dead,https://www.inaturalist.org/observations/188931545
188599008,Atlantic Menhaden,2023-10-22 11:00:19-04:00,"Port Republic, NJ, USA","[39.5171802997, -74.4967551]",research,,https://www.inaturalist.org/observations/188599008
185680737,Atlantic Menhaden,2023-09-30 15:56:00-04:00,"Upper New York Bay, Jersey City, NJ, US","[40.6964901425, -74.0676703976]",research,,https://www.inaturalist.org/observations/185680737
185499822,Atlantic Menhaden,2023-09-29 16:17:00-04:00,"Cape May County, US-NJ, US","[39.1750192754, -74.688061617]",research,,https://www.inaturalist.org/observations/185499822
185310765,Atlantic Menhaden,2023-09-13 14:10:00-04:00,"Cape May County, NJ, USA","[38.9336604894, -74.8874002705]",research,,https://www.inaturalist.org/observations/185310765
183439088,Atlantic Menhaden,2023-09-15 14:05:00-04:00,"Little Egg Harbor Township, NJ, USA","[39.5639566033, -74.3416481212]",research,,https://www.inaturalist.org/observations/183439088
183439071,Atlantic Menhaden,2023-09-15 13:45:00-04:00,"Little Egg Harbor Township, NJ, USA","[39.5635228427, -74.3413391226]",research,,https://www.inaturalist.org/observations/183439071
182324786,Atlantic Menhaden,2023-09-08 10:45:27-04:00,"Cape Island, Cape May Point, NJ, US","[38.9347310077, -74.9662029622]",research,,https://www.inaturalist.org/observations/182324786
181677314,Atlantic Menhaden,2023-09-03 22:00:45-04:00,"Cape May County, NJ, USA","[38.9301711503, -74.9124737084]",research,Alive or Dead: Dead,https://www.inaturalist.org/observations/181677314
181460349,Atlantic Menhaden,2023-09-01 19:47:06-04:00,"Bowsprit Pt, Lanoka Harbor, NJ, US","[39.8615083333, -74.1460278333]",research,,https://www.inaturalist.org/observations/181460349
181437004,Atlantic Menhaden,2023-09-01 19:41:59-04:00,"Lanoka Harbor, Lacey Township, NJ 08734, USA","[39.8615029722, -74.145964]",research,,https://www.inaturalist.org/observations/181437004
181198403,Atlantic Menhaden,2023-08-31 22:37:00-04:00,United States,"[40.0765462333, -74.0025947091]",research,,https://www.inaturalist.org/observations/181198403
180458783,Atlantic Menhaden,2023-08-27 10:17:39-04:00,"Strathmere Bay, Ocean City, NJ, US","[39.2131466667, -74.6466]",research,,https://www.inaturalist.org/observations/180458783
179446610,Atlantic Menhaden,2023-08-20 14:57:31-04:00,"Monmouth County, NJ, USA","[40.4109861448, -74.0032947063]",research,,https://www.inaturalist.org/observations/179446610
178402034,Atlantic Menhaden,2023-08-13 17:11:09-04:00,"Dover Beaches North, Toms River, NJ 08735, USA","[39.9832648934, -74.0712632239]",research,,https://www.inaturalist.org/observations/178402034
178228963,Atlantic Menhaden,2023-08-12 23:55:36-04:00,"Port Republic, NJ, USA","[39.5488039, -74.4615126]",research,,https://www.inaturalist.org/observations/178228963
178225398,Atlantic Menhaden,2023-08-12 22:21:18-04:00,"Washington, NJ, USA","[39.6265769722, -74.6193889722]",research,,https://www.inaturalist.org/observations/178225398
177899596,Atlantic Menhaden,2023-08-11 18:19:07-04:00,"Ortley Beach, Toms River, NJ, USA","[39.9603781694, -74.0780308278]",research,,https://www.inaturalist.org/observations/177899596
177743793,Atlantic Menhaden,2023-08-10 12:17:07-04:00,"Johnson Park, Hackensack, NJ, US","[40.8927497208, -74.0364550234]",research,,https://www.inaturalist.org/observations/177743793
177378816,Atlantic Menhaden,2023-08-06 09:42:04-04:00,United States,"[40.0940815885, -74.1850558167]",research,,https://www.inaturalist.org/observations/177378816
177104119,Atlantic Menhaden,2023-08-06 10:18:22-04:00,"Middletown Township, NJ, USA","[40.448542, -73.9979649722]",research,Alive or Dead: Dead,https://www.inaturalist.org/observations/177104119
177104092,Atlantic Menhaden,2023-08-06 10:17:52-04:00,"Sandy Hook, Middletown Township, NJ, USA","[40.448621, -73.998298]",research,Alive or Dead: Dead,https://www.inaturalist.org/observations/177104092
176875705,Atlantic Menhaden,2023-08-05 20:10:02-04:00,"Atlantic Highlands, NJ, USA","[40.4176579152, -74.0374375507]",research,,https://www.inaturalist.org/observations/176875705
176875020,Atlantic Menhaden,2023-08-05 19:51:30-04:00,"Atlantic Highlands, NJ, USA","[40.4176530653, -74.0374127403]",research,,https://www.inaturalist.org/observations/176875020
175242963,Atlantic Menhaden,2023-07-22 17:22:13-04:00,"Gateway National Recreation Area, Highlands, NJ, US","[40.4270526919, -73.9862839744]",research,,https://www.inaturalist.org/observations/175242963
174388052,Atlantic Menhaden,2023-07-22 14:47:46-04:00,"North Atlantic Ocean, NJ, US","[40.4276987036, -73.9098349932]",research,,https://www.inaturalist.org/observations/174388052
174326440,Atlantic Menhaden,2023-07-20 18:04:00-04:00,"Belmar, NJ, USA","[40.1872771902, -74.0100682932]",research,,https://www.inaturalist.org/observations/174326440
174218252,Atlantic Menhaden,2023-07-21 15:26:37-04:00,"West Creek, West Creek, NJ, US","[39.6226583333, -74.3051]",research,,https://www.inaturalist.org/observations/174218252
174212452,Atlantic Menhaden,2023-07-20 15:14:41-04:00,"North Atlantic Ocean, NJ, US","[40.2001508348, -73.9835782177]",research,,https://www.inaturalist.org/observations/174212452
174095598,Atlantic Menhaden,2023-07-20 22:24:10-04:00,"New Jersey, US","[39.6377478531, -74.0284390217]",research,,https://www.inaturalist.org/observations/174095598
174033469,Atlantic Menhaden,2023-07-12 11:43:15-04:00,"Brick Township, NJ 08723, USA","[40.0409319722, -74.0583139722]",research,,https://www.inaturalist.org/observations/174033469
174005432,Atlantic Menhaden,2023-07-20 09:19:00-04:00,"Point Pleasant Beach, NJ 08742, USA","[40.1034444444, -74.0371638889]",research,,https://www.inaturalist.org/observations/174005432
173690082,Atlantic Menhaden,2023-07-18 19:51:55-04:00,"Leonardo, Middletown Township, NJ 07737, USA","[40.440842379, -74.0949615464]",research,Life Stage: Juvenile,https://www.inaturalist.org/observations/173690082
173478889,Atlantic Menhaden,2021-09-23 18:35:00-04:00,"Atlantic City, NJ, USA","[39.3768695447, -74.4157538956]",research,"Life Stage: Juvenile, Alive or Dead: Alive",https://www.inaturalist.org/observations/173478889
173284660,Atlantic Menhaden,2023-05-28 11:16:00-04:00,"Old Bridge, NJ, USA","[40.4389575672, -74.2741544618]",research,,https://www.inaturalist.org/observations/173284660
172072225,Atlantic Menhaden,2023-07-08 23:57:00-04:00,"Manasquan, NJ, USA","[40.1095153162, -74.0428562765]",research,,https://www.inaturalist.org/observations/172072225
171958729,Atlantic Menhaden,2023-07-09 04:14:43-04:00,United States,"[40.1943837302, -74.0102853639]",research,,https://www.inaturalist.org/observations/171958729
169925904,Atlantic Menhaden,2023-06-28 05:17:06-04:00,"Secaucus, NJ, USA","[40.763888, -74.0867099722]",research,,https://www.inaturalist.org/observations/169925904
169925681,Atlantic Menhaden,2023-06-28 06:55:23-04:00,"North Arlington, NJ 07031, USA","[40.783892, -74.1095279722]",research,,https://www.inaturalist.org/observations/169925681
169745588,Atlantic Menhaden,2023-06-26 08:51:49-04:00,United States,"[40.9669350667, -74.1310467988]",research,,https://www.inaturalist.org/observations/169745588
169464182,Atlantic Menhaden,2023-06-25 16:58:58-04:00,"Brick Township, NJ 08723, USA","[40.04903674, -74.08196183]",research,,https://www.inaturalist.org/observations/169464182
169358150,Atlantic Menhaden,2023-06-24 11:19:03-04:00,"Gateway National Recreation Area, Atlantic Highlands, NJ, US","[40.4559783333, -74.0048916667]",research,,https://www.inaturalist.org/observations/169358150
168471284,Atlantic Menhaden,2023-06-19 11:45:49-04:00,Sandy Hook,"[40.4333404536, -73.9885499328]",research,,https://www.inaturalist.org/observations/168471284
168467844,Atlantic Menhaden,2023-06-20 05:44:54-04:00,"West Side, Jersey City, NJ, USA","[40.7275289722, -74.0926259722]",research,,https://www.inaturalist.org/observations/168467844
166811149,Atlantic Menhaden,2023-06-11 11:01:32-04:00,"Raritan Bay, South Amboy, NJ, US","[40.4846621047, -74.2727159275]",research,,https://www.inaturalist.org/observations/166811149
164579351,Atlantic Menhaden,2023-05-29 14:01:21-04:00,"Raritan Bay, NJ, US","[40.4831622679, -74.0151228741]",research,,https://www.inaturalist.org/observations/164579351
163730220,Atlantic Menhaden,2023-05-25 13:13:25-04:00,"North Bergen, NJ 07047, USA","[40.812508, -74.0301769722]",research,,https://www.inaturalist.org/observations/163730220
161779711,Atlantic Menhaden,2023-05-13 12:34:04-04:00,"Matawan, NJ 07747, USA","[40.435521, -74.2787490997]",research,,https://www.inaturalist.org/observations/161779711
161330532,Atlantic Menhaden,2023-05-12 20:07:17-04:00,"Westons Mill Pond, New Brunswick, NJ, US","[40.4828216667, -74.4125966667]",research,,https://www.inaturalist.org/observations/161330532
160990446,Atlantic Menhaden,2023-04-25 16:25:48-04:00,"Matawan, NJ 07747, USA","[40.4220279997, -74.227254]",research,Alive or Dead: Dead,https://www.inaturalist.org/observations/160990446
160967018,Atlantic Menhaden,2023-05-07 16:47:08-04:00,"Gateway National Recreation Area, Highlands, NJ, US","[40.4063876869, -73.9813956342]",research,Alive or Dead: Dead,https://www.inaturalist.org/observations/160967018
159913224,Atlantic Menhaden,2023-05-05 13:09:19-04:00,"Matawan, NJ 07747, USA","[40.435504, -74.277724]",research,,https://www.inaturalist.org/observations/159913224
159501798,Atlantic Menhaden,2023-05-03 14:13:54-04:00,"Matawan, NJ 07747, USA","[40.43155, -74.2809361111]",research,,https://www.inaturalist.org/observations/159501798
158798957,Atlantic Menhaden,2023-05-01 14:00:39-04:00,"Matawan, NJ 07747, USA","[40.4315959722, -74.280951]",research,Alive or Dead: Dead,https://www.inaturalist.org/observations/158798957
154445426,Atlantic Menhaden,2023-04-11 08:16:00-04:00,"Cape May Point, NJ, USA","[38.9373346, -74.9693418]",research,,https://www.inaturalist.org/observations/154445426
153575236,Atlantic Menhaden,2023-04-05 10:58:16-04:00,Cheesequake State Park,"[40.4397471776, -74.2692229897]",research,,https://www.inaturalist.org/observations/153575236
152856257,Atlantic Menhaden,2023-03-30 12:54:53-04:00,"Matawan, NJ 07747, USA","[40.4383416667, -74.2768305556]",research,,https://www.inaturalist.org/observations/152856257
152102643,Atlantic Menhaden,2023-03-23 13:18:00-04:00,"Leonardo, Middletown Township, NJ 07737, USA","[40.4229659255, -74.0597771699]",research,,https://www.inaturalist.org/observations/152102643
149416391,Atlantic Menhaden,2022-07-10 10:17:05-04:00,"Absecon Island, Atlantic City, NJ, US","[39.3733466667, -74.4133133333]",research,,https://www.inaturalist.org/observations/149416391
149281804,Atlantic Menhaden,2023-02-20 16:38:55-05:00,"Ocean City, Ocean City, NJ, US","[39.2168783333, -74.64727]",research,,https://www.inaturalist.org/observations/149281804
147917136,Atlantic Menhaden,2023-02-02 12:54:18-05:00,"Port Norris, NJ 08349, USA","[39.2877394289, -75.1301688328]",research,,https://www.inaturalist.org/observations/147917136
145702076,Atlantic Menhaden,2023-01-02 12:05:21-05:00,"Long Beach Island, Ocean Gate, NJ, US","[39.7517398882, -74.1023347917]",research,,https://www.inaturalist.org/observations/145702076
144920459,Atlantic Menhaden,2022-12-04 16:20:00-05:00,"Seaside Park, NJ 08752, USA","[39.9313472222, -74.0736]",research,Alive or Dead: Dead,https://www.inaturalist.org/observations/144920459
144109215,Atlantic Menhaden,2022-11-02 11:31:21-04:00,"Raritan Bay, Belford, NJ, US","[40.497295, -74.0463555]",research,,https://www.inaturalist.org/observations/144109215
142785619,Atlantic Menhaden,2022-11-24 07:46:24-05:00,"North Atlantic Ocean, Berkeley Township, NJ, US","[39.8939883333, -74.0797805]",research,,https://www.inaturalist.org/observations/142785619
142758485,Atlantic Menhaden,2022-11-19 14:10:05-05:00,"Palisades Interstate Park, Fort Lee, NJ, US","[40.8598122577, -73.9571962741]",research,,https://www.inaturalist.org/observations/142758485
142348883,Atlantic Menhaden,2022-11-18 14:13:56-05:00,"Spring Lake, NJ 07762, USA","[40.1389939722, -74.0250479722]",research,,https://www.inaturalist.org/observations/142348883
141383743,Atlantic Menhaden,2022-11-06 07:57:04-05:00,"S Delsea Dr, Cape May, NJ, US","[39.0629805, -74.9125366667]",research,Alive or Dead: Dead,https://www.inaturalist.org/observations/141383743
141177589,Atlantic Menhaden,2022-11-05 13:25:12-04:00,"Sedge Islands, Seaside Park, NJ, US","[39.9498485954, -74.0630286763]",research,,https://www.inaturalist.org/observations/141177589
140838884,Atlantic Menhaden,2022-10-29 08:03:00-04:00,"North Atlantic Ocean, NJ, US","[40.2124300658, -73.9884610763]",research,,https://www.inaturalist.org/observations/140838884
138485504,Atlantic Menhaden,2022-10-08 12:53:27-04:00,"Horseshoe Cove, Highlands, NJ, US","[40.4359783333, -73.9926616667]",research,,https://www.inaturalist.org/observations/138485504
138308292,Atlantic Menhaden,2022-10-10 14:50:00-04:00,"Old Bridge, NJ, USA","[40.4531298072, -74.2291290098]",research,"Life Stage: Juvenile, Alive or Dead: Dead",https://www.inaturalist.org/observations/138308292
138131025,Atlantic Menhaden,2022-10-09 12:01:43-04:00,"North Atlantic Ocean, NJ, US","[39.9559133333, -74.0670778333]",research,,https://www.inaturalist.org/observations/138131025
137978037,Atlantic Menhaden,2022-10-07 17:44:05-04:00,"Avalon, NJ 08202, USA","[39.0634542997, -74.7463592997]",research,Alive or Dead: Dead,https://www.inaturalist.org/observations/137978037
137141835,Atlantic Menhaden,2022-09-25 15:35:07-04:00,"Sandy Hook, Middletown Township, NJ, USA","[40.4155426025, -73.9816284178]",research,,https://www.inaturalist.org/observations/137141835
136957773,Atlantic Menhaden,2022-09-29 13:44:00-04:00,"Piscataway, NJ 08854, USA","[40.5070365752, -74.4486525043]",research,,https://www.inaturalist.org/observations/136957773
135603661,Atlantic Menhaden,2022-09-18 15:23:43-04:00,"Manahawkin Bay, Ocean Gate, NJ, US","[39.6667545793, -74.2103272745]",research,,https://www.inaturalist.org/observations/135603661
135443590,Atlantic Menhaden,2022-09-16 09:52:44-04:00,"Cedar Bridge Rd, Manahawkin, NJ, US","[39.7171366667, -74.2546466667]",research,,https://www.inaturalist.org/observations/135443590
133397369,Atlantic Menhaden,2022-09-02 18:56:52-04:00,Sayreville,"[40.4691619873, -74.2671737671]",research,,https://www.inaturalist.org/observations/133397369
132620718,Atlantic Menhaden,2022-08-27 12:12:30-04:00,United States,"[39.7790176856, -74.1494752651]",research,,https://www.inaturalist.org/observations/132620718
129810245,Atlantic Menhaden,2022-08-06 13:07:48-04:00,United States,"[39.7470229297, -74.0630064466]",research,,https://www.inaturalist.org/observations/129810245
129809497,Atlantic Menhaden,2022-08-06 11:43:45-04:00,United States,"[39.6928160238, -74.0863960006]",research,,https://www.inaturalist.org/observations/129809497
129337530,Atlantic Menhaden,2022-08-03 16:26:57-04:00,"new jersey, us","[40.058324, -74.405661]",research,Alive or Dead: Dead,https://www.inaturalist.org/observations/129337530
129332973,Atlantic Menhaden,2022-08-03 17:13:04-04:00,"Ocean City, Ocean City, NJ, US","[39.2513283333, -74.6183033333]",research,,https://www.inaturalist.org/observations/129332973
127560411,Atlantic Menhaden,2022-07-22 18:38:03-04:00,"Long Beach Island, West Creek, NJ, US","[39.6089333333, -74.2084966667]",research,,https://www.inaturalist.org/observations/127560411
126987177,Atlantic Menhaden,2022-07-19 12:26:17-04:00,"Nacote Creek, Port Republic, NJ, US","[39.5162416667, -74.495645]",research,Alive or Dead: Alive,https://www.inaturalist.org/observations/126987177
126265037,Atlantic Menhaden,2022-07-14 18:00:00-04:00,"Barnegat Bay, Lavallette, NJ, US","[39.9618553977, -74.0781412207]",research,,https://www.inaturalist.org/observations/126265037
126068433,Atlantic Menhaden,2022-07-13 10:40:19-04:00,"Absecon Inlet, Brigantine, NJ, US","[39.376200704, -74.4076726142]",research,,https://www.inaturalist.org/observations/126068433
123478673,Atlantic Menhaden,2022-06-19 12:20:00-04:00,"Bay Shore Dr, Toms River, NJ, US","[39.948173792, -74.1152389619]",research,,https://www.inaturalist.org/observations/123478673
121443716,Atlantic Menhaden,2022-06-12 13:06:48-04:00,"Maurice River, NJ 08324, USA","[39.19346949, -75.01836277]",research,Alive or Dead: Dead,https://www.inaturalist.org/observations/121443716
119441571,Atlantic Menhaden,2022-05-24 14:34:22-04:00,"Thompsons Beach Rd, Heislerville, NJ, US","[39.1990331426, -74.9926398322]",research,,https://www.inaturalist.org/observations/119441571
119367927,Atlantic Menhaden,2022-05-29 13:09:00-04:00,"Cape May County, NJ, USA","[38.928567, -74.921525]",research,,https://www.inaturalist.org/observations/119367927
117226605,Atlantic Menhaden,2022-05-15 11:44:23-04:00,"Bayview Rd, Newport, NJ, US","[39.2812, -75.2416216667]",research,,https://www.inaturalist.org/observations/117226605
117174294,Atlantic Menhaden,2022-05-15 13:42:51-04:00,"Heislerville, NJ, US","[39.194838116, -75.027054241]",research,,https://www.inaturalist.org/observations/117174294
114527554,Atlantic Menhaden,2022-05-01 17:07:53-04:00,"Little Egg Harbor Township, NJ 08087, USA","[39.5780863, -74.4554092997]",research,,https://www.inaturalist.org/observations/114527554
112320597,Atlantic Menhaden,2022-04-21 17:50:30-04:00,"NJ-35 N, Perth Amboy, NJ, US","[40.5097666667, -74.2892083333]",research,,https://www.inaturalist.org/observations/112320597
112050693,Atlantic Menhaden,2022-04-19 10:10:22-04:00,"Port Norris, NJ 08349, USA","[39.2632166969, -75.132644847]",research,,https://www.inaturalist.org/observations/112050693
109582001,Atlantic Menhaden,2022-03-18 15:32:00+00:00,"Sandy Hook, Middletown Township, NJ, USA","[40.4748405124, -74.0055426197]",research,,https://www.inaturalist.org/observations/109582001
109547533,Atlantic Menhaden,2022-03-26 11:13:07-04:00,"Waretown, NJ 08758, USA","[39.7940916667, -74.1837833333]",research,,https://www.inaturalist.org/observations/109547533
108997360,Atlantic Menhaden,2022-03-19 16:51:45-04:00,"Ocean County, US-NJ, US","[39.8418419722, -74.0863319722]",research,,https://www.inaturalist.org/observations/108997360
108959720,Atlantic Menhaden,2022-03-19 12:29:26-04:00,"Sedge Islands, Point Pleasant Beach, NJ, US","[40.1005875122, -74.0340388131]",research,,https://www.inaturalist.org/observations/108959720
108739732,Atlantic Menhaden,2022-03-04 08:00:10-05:00,"Ocean City, Ocean City, NJ, US","[39.260512, -74.6030325]",research,,https://www.inaturalist.org/observations/108739732
108669639,Atlantic Menhaden,2022-03-15 11:27:56-04:00,"Higbee Beach, Cape May, NJ, US","[38.9658383333, -74.9634866667]",research,Alive or Dead: Dead,https://www.inaturalist.org/observations/108669639
108669318,Atlantic Menhaden,2022-03-15 11:31:35-04:00,"Higbee Beach, Cape May, NJ, US","[38.9657883333, -74.9634633333]",research,Alive or Dead: Dead,https://www.inaturalist.org/observations/108669318
108275660,Atlantic Menhaden,2022-03-05 14:14:31-05:00,"Newport, NJ, US","[39.2619475638, -75.1567819256]",research,,https://www.inaturalist.org/observations/108275660
108141715,Atlantic Menhaden,2022-03-07 18:26:03-05:00,"Nacote Creek, Port Republic, NJ, US","[39.5160509463, -74.4952171746]",research,,https://www.inaturalist.org/observations/108141715
108141664,Atlantic Menhaden,2022-03-07 18:24:33-05:00,"Nacote Creek, Port Republic, NJ, US","[39.5160633109, -74.495188617]",research,,https://www.inaturalist.org/observations/108141664
108141538,Atlantic Menhaden,2022-03-07 17:08:50-05:00,"Nacote Creek, Port Republic, NJ, US","[39.5160787762, -74.4951984865]",research,,https://www.inaturalist.org/observations/108141538
107710226,Atlantic Menhaden,2022-03-01 11:08:59-05:00,"Delaware Bay, NJ, US","[38.9314216667, -74.942405]",research,,https://www.inaturalist.org/observations/107710226
106028176,Atlantic Menhaden,2022-02-02 12:39:46-05:00,"Ocean Twp, NJ, USA","[39.7943138889, -74.1834833333]",research,,https://www.inaturalist.org/observations/106028176
106027112,Atlantic Menhaden,2022-02-02 12:20:41+00:00,"Waretown, NJ 08758, USA","[39.7940944444, -74.1834555556]",research,,https://www.inaturalist.org/observations/106027112
105293687,Atlantic Menhaden,2022-01-19 15:22:41-05:00,"Sandy Hook, Middletown Township, NJ, USA","[40.461739, -74.0055389722]",research,,https://www.inaturalist.org/observations/105293687
104191430,Atlantic Menhaden,2022-01-02 11:25:46-05:00,"Gateway National Recreation Area - Sandy Hook, Atlantic Highlands, NJ, US","[40.464205, -74.0066]",research,"Life Stage: Adult, Alive or Dead: Alive",https://www.inaturalist.org/observations/104191430
103707257,Atlantic Menhaden,2021-12-26 11:16:41-05:00,"Gateway National Recreation Area - Sandy Hook, Atlantic Highlands, NJ, US","[40.4618358067, -73.9971976711]",research,,https://www.inaturalist.org/observations/103707257
103683953,Atlantic Menhaden,2021-12-24 00:56:00-05:00,"Berkeley Township, NJ, USA","[39.7643889221, -74.1041000982]",research,,https://www.inaturalist.org/observations/103683953
103158662,Atlantic Menhaden,2021-12-16 13:34:37-05:00,"Raritan Bay, Highlands, NJ, US","[40.4192466667, -73.9890533333]",research,,https://www.inaturalist.org/observations/103158662
103044139,Atlantic Menhaden,2021-12-08 11:31:00-05:00,"Cliffwood Beach, Aberdeen Township, NJ 07735, USA","[40.4520581331, -74.2231952562]",research,,https://www.inaturalist.org/observations/103044139
103001749,Atlantic Menhaden,2021-12-08 10:13:00-05:00,"Keyport, NJ 07735, USA","[40.4390104839, -74.2012524605]",research,Alive or Dead: Dead,https://www.inaturalist.org/observations/103001749
102827227,Atlantic Menhaden,2021-12-10 13:37:03-05:00,"Sandy Hook, Middletown Township, NJ, USA","[40.4485944444, -74.0021888889]",research,Alive or Dead: Dead,https://www.inaturalist.org/observations/102827227
102770680,Atlantic Menhaden,2021-12-04 11:04:26-05:00,"Gateway National Recreation Area - Sandy Hook, Middletown, NJ, US","[40.4068133333, -73.97538]",research,,https://www.inaturalist.org/observations/102770680
102747872,Atlantic Menhaden,2021-12-04 11:03:37-05:00,"Gateway National Recreation Area - Sandy Hook, Highlands, NJ, US","[40.4068083333, -73.975395]",research,,https://www.inaturalist.org/observations/102747872
102635980,Atlantic Menhaden,2021-12-04 11:05:07-05:00,"Gateway National Recreation Area - Sandy Hook, Highlands, NJ, US","[40.4067783333, -73.9754033333]",research,,https://www.inaturalist.org/observations/102635980
102569636,Atlantic Menhaden,2021-12-04 11:03:52-05:00,"Gateway National Recreation Area - Sandy Hook, Highlands, NJ, US","[40.4067583333, -73.97542]",research,,https://www.inaturalist.org/observations/102569636
102569376,Atlantic Menhaden,2021-12-04 12:09:57-05:00,"Gateway National Recreation Area - Sandy Hook, Highlands, NJ, US","[40.406575, -73.981705]",research,,https://www.inaturalist.org/observations/102569376
102547464,Atlantic Menhaden,2021-12-04 11:03:53-05:00,"Gateway National Recreation Area - Sandy Hook, Highlands, NJ, US","[40.4068033333, -73.9753883333]",research,,https://www.inaturalist.org/observations/102547464
102542260,Atlantic Menhaden,2021-12-04 11:04:15-05:00,"Gateway National Recreation Area - Sandy Hook, Highlands, NJ, US","[40.4068133333, -73.975395]",research,Alive or Dead: Dead,https://www.inaturalist.org/observations/102542260
102479214,Atlantic Menhaden,2021-12-04 11:04:12-05:00,"Gateway National Recreation Area - Sandy Hook, Highlands, NJ, US","[40.4068333333, -73.97542]",research,Alive or Dead: Dead,https://www.inaturalist.org/observations/102479214
102471786,Atlantic Menhaden,2021-12-04 11:04:03-05:00,"Raritan Bay, Highlands, NJ, US","[40.4069617103, -73.9754243735]",research,,https://www.inaturalist.org/observations/102471786
102471667,Atlantic Menhaden,2021-12-04 11:04:01-05:00,"Gateway National Recreation Area - Sandy Hook, Highlands, NJ, US","[40.4068113503, -73.9753979582]",research,,https://www.inaturalist.org/observations/102471667
102317925,Atlantic Menhaden,2021-12-01 14:53:53-05:00,"Shore Dr, Cape May, NJ, US","[39.00378055, -74.9538033333]",research,Alive or Dead: Dead,https://www.inaturalist.org/observations/102317925
101922092,Atlantic Menhaden,2021-11-25 14:48:23-05:00,"Fort Lee, NJ 07024, USA","[40.8616105, -73.9545140278]",research,,https://www.inaturalist.org/observations/101922092
100591136,Atlantic Menhaden,2021-11-07 14:40:00-05:00,"Perth Amboy, NJ, USA","[40.5095970059, -74.2889161162]",research,,https://www.inaturalist.org/observations/100591136
100591125,Atlantic Menhaden,2021-11-07 14:37:00-05:00,"Perth Amboy, NJ, USA","[40.5095970059, -74.2889161162]",research,Alive or Dead: Dead,https://www.inaturalist.org/observations/100591125
99799669,Atlantic Menhaden,2021-10-30 09:46:45-04:00,"South Amboy, NJ, USA","[40.4793128846, -74.270047769]",research,Alive or Dead: Dead,https://www.inaturalist.org/observations/99799669
99798954,Atlantic Menhaden,2021-10-30 09:15:11-04:00,"South Amboy, NJ, USA","[40.4793128846, -74.270047769]",research,Alive or Dead: Dead,https://www.inaturalist.org/observations/99798954
99264384,Atlantic Menhaden,2021-10-24 16:58:25-04:00,"Front St, Perth Amboy, NJ, US","[40.5067245754, -74.2621606225]",research,Alive or Dead: Dead,https://www.inaturalist.org/observations/99264384
99034585,Atlantic Menhaden,2021-10-06 07:16:00-07:00,"692 Sunset Blvd, Cape May, NJ 08204, USA","[38.9380669, -74.9446344]",research,,https://www.inaturalist.org/observations/99034585
98325933,Atlantic Menhaden,2021-10-15 17:23:08-04:00,"Cape May County, US-NJ, US","[38.9783748745, -74.757317636]",research,,https://www.inaturalist.org/observations/98325933
97310941,Atlantic Menhaden,2021-10-05 12:18:03-04:00,"Maurice River, Port Norris, NJ, US","[39.2295533333, -75.0351638333]",research,Alive or Dead: Dead,https://www.inaturalist.org/observations/97310941
96607590,Atlantic Menhaden,2021-09-29 09:19:24+00:00,"South Amboy, NJ, USA","[40.4793128846, -74.270047769]",research,Alive or Dead: Dead,https://www.inaturalist.org/observations/96607590
96365937,Atlantic Menhaden,2021-09-27 08:40:50-04:00,"Lake Lily, Cape May Point, NJ, US","[38.936825966, -74.9643499699]",research,Alive or Dead: Dead,https://www.inaturalist.org/observations/96365937
94755865,Atlantic Menhaden,2021-09-13 15:07:22-04:00,"Wells Island, West Creek, NJ, US","[39.5393916667, -74.39048]",research,,https://www.inaturalist.org/observations/94755865
94576069,Atlantic Menhaden,2021-09-12 08:21:16-04:00,"South Amboy, NJ, USA","[40.4793128846, -74.270047769]",research,Alive or Dead: Dead,https://www.inaturalist.org/observations/94576069
94246371,Atlantic Menhaden,2021-02-06 14:11:00-05:00,"Spring Lake, NJ 07762, USA","[40.1427177398, -74.0320520911]",research,,https://www.inaturalist.org/observations/94246371
93145918,Atlantic Menhaden,2021-08-30 19:44:53-04:00,"Beach Haven West, Stafford Township, NJ 08050, USA","[39.6532369722, -74.219648]",research,,https://www.inaturalist.org/observations/93145918
92553901,Atlantic Menhaden,2021-08-25 13:05:06-04:00,"Cape Island, Cape May, NJ, US","[38.9498583333, -74.908945]",research,Alive or Dead: Dead,https://www.inaturalist.org/observations/92553901
92197303,Atlantic Menhaden,2021-08-07 11:50:47-04:00,"Cape May, NJ 08204, USA","[38.9367209722, -74.896966]",research,,https://www.inaturalist.org/observations/92197303
91799126,Atlantic Menhaden,2021-08-19 11:11:27-04:00,"Ocean County, NJ, USA","[39.9716982, -74.0644058]",research,,https://www.inaturalist.org/observations/91799126
91160714,Atlantic Menhaden,2021-08-05 11:06:00-04:00,"Villas, NJ, USA","[39.0156111, -74.949325]",research,Alive or Dead: Dead,https://www.inaturalist.org/observations/91160714
89961180,Atlantic Menhaden,2021-08-01 13:01:19-04:00,"Landings Ln, West New York, NJ, US","[40.7830366667, -74.00269445]",research,,https://www.inaturalist.org/observations/89961180
89256143,Atlantic Menhaden,2021-07-30 19:15:37-04:00,"Cape Island, Cape May Point, NJ, US","[38.9400185149, -74.9672264486]",research,,https://www.inaturalist.org/observations/89256143
88679863,Atlantic Menhaden,2021-07-26 05:51:13-04:00,"Monmouth County, US-NJ, US","[40.3330916025, -73.9721741523]",research,,https://www.inaturalist.org/observations/88679863
88318581,Atlantic Menhaden,2021-07-23 08:35:53-04:00,"Little Egg Harbor, West Creek, NJ, US","[39.528343874, -74.2765718748]",research,,https://www.inaturalist.org/observations/88318581
88306239,Atlantic Menhaden,2021-07-23 16:48:05-04:00,"Great Bay Blvd, West Creek, NJ, US","[39.5090905019, -74.3204657548]",research,,https://www.inaturalist.org/observations/88306239
86751905,Atlantic Menhaden,2021-05-09 08:39:00-04:00,"Cape May Point, NJ, USA","[38.9329407374, -74.9650332465]",research,,https://www.inaturalist.org/observations/86751905
86483918,Atlantic Menhaden,2021-07-10 14:13:27-04:00,"Upper New York Bay, Jersey City, NJ, US","[40.6965833333, -74.0529555]",research,,https://www.inaturalist.org/observations/86483918
85776841,Atlantic Menhaden,2021-07-04 14:05:00-04:00,"Cape May County, NJ, USA","[39.0727981902, -74.9133193428]",research,,https://www.inaturalist.org/observations/85776841
85127820,Atlantic Menhaden,2021-06-30 15:58:41-04:00,"Stone Harbor Blvd, Stone Harbor, NJ, US","[39.0578098344, -74.7751314565]",research,,https://www.inaturalist.org/observations/85127820
84836191,Atlantic Menhaden,2021-06-28 07:48:38-04:00,Salem,"[39.4609336853, -75.5361022949]",research,,https://www.inaturalist.org/observations/84836191
83856680,Atlantic Menhaden,2021-06-20 13:59:29-10:00,"Sandy Hook, Middletown Township, NJ, USA","[40.4488979722, -74.0021716111]",research,"Life Stage: Adult, Alive or Dead: Dead",https://www.inaturalist.org/observations/83856680
83856614,Atlantic Menhaden,2021-06-20 13:59:22-10:00,"Sandy Hook, Middletown Township, NJ, USA","[40.4489205833, -74.0022538889]",research,Alive or Dead: Dead,https://www.inaturalist.org/observations/83856614
83856447,Atlantic Menhaden,2021-06-20 13:49:15-10:00,"Sandy Hook, Middletown Township, NJ, USA","[40.4496191389, -74.0027334167]",research,Alive or Dead: Dead,https://www.inaturalist.org/observations/83856447
83818029,Atlantic Menhaden,2021-06-20 13:57:51-04:00,"Swimming River, Red Bank, NJ, US","[40.3511389108, -74.0777118898]",research,Alive or Dead: Dead,https://www.inaturalist.org/observations/83818029
83413433,Atlantic Menhaden,2021-06-17 13:44:25-04:00,"Delaware River, Paulsboro, NJ, US","[39.8560533333, -75.2193666667]",research,"Life Stage: Juvenile, Alive or Dead: Dead",https://www.inaturalist.org/observations/83413433
81864829,Atlantic Menhaden,2021-06-06 10:36:43-04:00,"Port Norris, NJ 08349, USA","[39.19385011, -75.02326615]",research,,https://www.inaturalist.org/observations/81864829
80414538,Atlantic Menhaden,2021-05-26 13:28:07-04:00,"Raritan River, Highland Park, NJ, US","[40.498675, -74.4378883333]",research,Alive or Dead: Dead,https://www.inaturalist.org/observations/80414538
80285745,Atlantic Menhaden,2021-05-25 07:04:37-04:00,"Heislerville, NJ, US","[39.1948780227, -75.0180365455]",research,Alive or Dead: Dead,https://www.inaturalist.org/observations/80285745
80021294,Atlantic Menhaden,2021-05-23 15:30:00-04:00,"Villas, NJ 08251, USA","[39.0504249046, -74.9276731163]",research,"Life Stage: Adult, Alive or Dead: Dead",https://www.inaturalist.org/observations/80021294
79667722,Atlantic Menhaden,2021-05-21 10:31:15-04:00,"Sandy Hook, Middletown Township, NJ, USA","[40.4279241445, -73.986050114]",research,,https://www.inaturalist.org/observations/79667722
79346594,Atlantic Menhaden,2021-05-09 18:30:10-04:00,"Columbus Dr, Monmouth Beach, NJ, US","[40.3359265, -73.9873575]",research,,https://www.inaturalist.org/observations/79346594
79339009,Atlantic Menhaden,2021-05-18 16:10:41-04:00,"Columbus Dr, Monmouth Beach, NJ, US","[40.3359265, -73.9873575]",research,,https://www.inaturalist.org/observations/79339009
79338054,Atlantic Menhaden,2021-05-09 16:35:53-04:00,"Columbus Dr, Monmouth Beach, NJ, US","[40.3359265, -73.9873575]",research,,https://www.inaturalist.org/observations/79338054
79320924,Atlantic Menhaden,2021-05-18 17:10:43-04:00,"Ocean Ave, Sea Bright, NJ, US","[40.3764416667, -73.9752116667]",research,,https://www.inaturalist.org/observations/79320924
79001348,Atlantic Menhaden,2021-05-09 11:31:26-04:00,"Columbus Dr, Monmouth Beach, NJ, US","[40.3359265, -73.9873575]",research,,https://www.inaturalist.org/observations/79001348
78899241,Atlantic Menhaden,2021-05-15 15:22:38-04:00,"Jenkinson's Boardwalk, Point Pleasant Beach, NJ, US","[40.0938416667, -74.0358361667]",research,,https://www.inaturalist.org/observations/78899241
78392989,Atlantic Menhaden,2021-05-09 09:41:16-04:00,"Beach Ave, Cape May, NJ, US","[39.0189945, -74.9476466667]",research,,https://www.inaturalist.org/observations/78392989
78084657,Atlantic Menhaden,2021-05-09 12:09:01-04:00,"Strathmere Bay, Ocean City, NJ, US","[39.21597, -74.646575]",research,,https://www.inaturalist.org/observations/78084657
77840697,Atlantic Menhaden,2021-05-06 10:46:00-04:00,"Maurice River, NJ 08314, USA","[39.1925388889, -74.9946333333]",research,,https://www.inaturalist.org/observations/77840697
76238567,Atlantic Menhaden,2021-05-01 14:15:28-04:00,"Shark River, Belmar, NJ, US","[40.1787116667, -74.0330888333]",research,,https://www.inaturalist.org/observations/76238567
76217589,Atlantic Menhaden,2021-05-01 13:47:20-04:00,"Alpine, NJ, USA","[40.9623514, -73.913014]",research,,https://www.inaturalist.org/observations/76217589
75784124,Atlantic Menhaden,2021-04-24 06:40:00-04:00,"Cape May County, US-NJ, US","[39.0286569188, -74.9120954024]",research,,https://www.inaturalist.org/observations/75784124
75622126,Atlantic Menhaden,2021-04-28,"Sandy Hook, Middletown Township, NJ, USA","[40.4683716943, -73.9967541397]",research,,https://www.inaturalist.org/observations/75622126
75235539,Atlantic Menhaden,2021-04-25 17:33:29-04:00,"Sandy Hook Beach, Atlantic Highlands, NJ, US","[40.4486322776, -73.9993162361]",research,,https://www.inaturalist.org/observations/75235539
74638690,Atlantic Menhaden,2021-03-23 13:11:42-04:00,"South Amboy, NJ 08879, USA","[40.47927607, -74.26789021]",research,,https://www.inaturalist.org/observations/74638690
74330122,Atlantic Menhaden,2021-04-17 09:39:00-04:00,"Old Bridge, NJ, USA","[40.4526340435, -74.2299519889]",research,Alive or Dead: Dead,https://www.inaturalist.org/observations/74330122
74274919,Atlantic Menhaden,2021-04-17 11:19:00-04:00,"Old Bridge, NJ, USA","[40.4343418602, -74.2718387809]",research,,https://www.inaturalist.org/observations/74274919
74046917,Atlantic Menhaden,2021-04-15 04:21:59-04:00,"Natco Lake, Union Beach, NJ, US","[40.4419668457, -74.1537012743]",research,,https://www.inaturalist.org/observations/74046917
73972968,Atlantic Menhaden,2021-04-14 10:48:00-04:00,"South River, NJ, USA","[40.439005993, -74.3609699251]",research,,https://www.inaturalist.org/observations/73972968
73054413,Atlantic Menhaden,2021-04-05 16:42:49-04:00,"Bayshore Waterfront Park, Port Monmouth, NJ, US","[40.4407, -74.0939555]",research,,https://www.inaturalist.org/observations/73054413
73052967,Atlantic Menhaden,2021-04-04 10:01:22-04:00,"Raritan Bay, Atlantic Highlands, NJ, US","[40.456895, -74.0054388833]",research,,https://www.inaturalist.org/observations/73052967
72927390,Atlantic Menhaden,2021-04-04 15:47:38-04:00,"19th Ave, Belmar, NJ, US","[40.1697575845, -74.0164260513]",research,,https://www.inaturalist.org/observations/72927390
72840568,Atlantic Menhaden,2021-04-03 10:33:00-04:00,"Laurence Harbor, Old Bridge, NJ, USA","[40.4443453674, -74.2619456899]",research,,https://www.inaturalist.org/observations/72840568
72561827,Atlantic Menhaden,2021-03-31 15:53:26-04:00,"Sayreville, NJ 08872, USA","[40.4570549722, -74.3729859722]",research,,https://www.inaturalist.org/observations/72561827
72444471,Atlantic Menhaden,2021-03-29 16:48:29-04:00,"Cheesequake, South Amboy, NJ, US","[40.4391116667, -74.2730033333]",research,,https://www.inaturalist.org/observations/72444471
72228336,Atlantic Menhaden,2021-03-27 18:10:15-04:00,"Sandy Hook Beach, Highlands, NJ, US","[40.4062883333, -73.9813466667]",research,,https://www.inaturalist.org/observations/72228336
72215066,Atlantic Menhaden,2021-03-27 12:44:00-04:00,"Sandy Hook, Middletown Township, NJ, USA","[40.4508564789, -74.002187702]",research,"Life Stage: Adult, Alive or Dead: Dead",https://www.inaturalist.org/observations/72215066
71387575,Atlantic Menhaden,2021-03-16 15:20:52-04:00,"Sayreville, NJ 08872, USA","[40.4642389722, -74.372619]",research,,https://www.inaturalist.org/observations/71387575
71164055,Atlantic Menhaden,2021-03-13 14:51:13-05:00,"Sandy Hook Beach, Atlantic Highlands, NJ, US","[40.4761065599, -74.0091647935]",research,Alive or Dead: Dead,https://www.inaturalist.org/observations/71164055
70966623,Atlantic Menhaden,2021-03-10 11:42:00-05:00,"Laurence Harbor, Old Bridge, NJ, USA","[40.4621233903, -74.2542335872]",research,Alive or Dead: Dead,https://www.inaturalist.org/observations/70966623
68411013,Atlantic Menhaden,2021-01-02 12:23:36-05:00,"Raritan Bay, Highlands, NJ, US","[40.40587167, -73.981605]",research,Alive or Dead: Dead,https://www.inaturalist.org/observations/68411013
68410921,Atlantic Menhaden,2021-01-02 14:24:41-05:00,"Hartshorne Woods Park, Highlands, NJ, US","[40.38486167, -73.98346667]",research,Alive or Dead: Dead,https://www.inaturalist.org/observations/68410921
68286032,Atlantic Menhaden,2021-01-18 10:39:33-05:00,"Sedge Islands, Seaside Park, NJ, US","[39.9148966667, -74.0768195]",research,Alive or Dead: Dead,https://www.inaturalist.org/observations/68286032
68253540,Atlantic Menhaden,2021-01-17 14:51:46-05:00,Seidler Beach,"[40.4562172038, -74.2351448536]",research,Alive or Dead: Dead,https://www.inaturalist.org/observations/68253540
68243725,Atlantic Menhaden,2021-01-17 09:51:36-05:00,"Ocean County, US-NJ, US","[39.7509792778, -74.1028663056]",research,Alive or Dead: Dead,https://www.inaturalist.org/observations/68243725
67982836,Atlantic Menhaden,2020-10-08 09:59:00-04:00,"Cape May Point, NJ, USA","[38.9328307009, -74.9650523601]",research,Alive or Dead: Dead,https://www.inaturalist.org/observations/67982836
67861608,Atlantic Menhaden,2021-01-10 12:40:26-05:00,"Old Bridge Waterfront Park, South Amboy, NJ, US","[40.460095, -74.24755]",research,Alive or Dead: Dead,https://www.inaturalist.org/observations/67861608
67538369,Atlantic Menhaden,2021-01-02 13:19:00-05:00,"Ocean County, NJ, USA","[39.7586608975, -74.0947094264]",research,Alive or Dead: Dead,https://www.inaturalist.org/observations/67538369
67491179,Atlantic Menhaden,2021-01-02 12:39:00-05:00,"Lyndhurst, NJ, USA","[40.7833254363, -74.1038799288]",research,"Life Stage: Adult, Alive or Dead: Dead",https://www.inaturalist.org/observations/67491179
67491178,Atlantic Menhaden,2021-01-02 12:39:00-05:00,"Lyndhurst, NJ, USA","[40.7833339684, -74.103893428]",research,"Life Stage: Adult, Alive or Dead: Dead",https://www.inaturalist.org/observations/67491178
67436832,Atlantic Menhaden,2021-01-01 11:01:00-05:00,"Laurence Harbor, Old Bridge, NJ, USA","[40.4551747582, -74.2347163774]",research,Alive or Dead: Dead,https://www.inaturalist.org/observations/67436832
67430486,Atlantic Menhaden,2021-01-01 10:07:00-05:00,"Old Bridge, NJ, USA","[40.4527745818, -74.230231724]",research,Alive or Dead: Dead,https://www.inaturalist.org/observations/67430486
67430485,Atlantic Menhaden,2021-01-01 10:06:00-05:00,"Old Bridge, NJ, USA","[40.4527745818, -74.230231724]",research,Alive or Dead: Dead,https://www.inaturalist.org/observations/67430485
67430484,Atlantic Menhaden,2021-01-01 10:05:00-05:00,"Old Bridge, NJ, USA","[40.4527745818, -74.230231724]",research,Alive or Dead: Dead,https://www.inaturalist.org/observations/67430484
67402943,Atlantic Menhaden,2020-12-27 21:15:00-05:00,"Long Beach Island, Ocean Gate, NJ, US","[39.7594534606, -74.0966491048]",research,Alive or Dead: Dead,https://www.inaturalist.org/observations/67402943
67402829,Atlantic Menhaden,2020-12-27 20:55:00-05:00,"Long Beach Island, Ocean Gate, NJ, US","[39.7606259508, -74.0990328396]",research,Alive or Dead: Dead,https://www.inaturalist.org/observations/67402829
67369235,Atlantic Menhaden,2020-12-30 14:07:18-05:00,"Gold Coast, Jersey City, NJ, US","[40.6925916667, -74.0682611667]",research,Alive or Dead: Dead,https://www.inaturalist.org/observations/67369235
67275476,Atlantic Menhaden,2020-12-29 12:54:52-05:00,"Long Beach Island, Ocean Gate, NJ, US","[39.75785, -74.0973138333]",research,Alive or Dead: Dead,https://www.inaturalist.org/observations/67275476
67266430,Atlantic Menhaden,2020-12-29 15:48:57-05:00,"Long Beach Island, Ocean Gate, NJ, US","[39.7585942082, -74.095713931]",research,Alive or Dead: Dead,https://www.inaturalist.org/observations/67266430
67253608,Atlantic Menhaden,2020-12-02 13:00:06-05:00,"Upper New York Bay, Jersey City, NJ, US","[40.6931033349, -74.0676111667]",research,Alive or Dead: Dead,https://www.inaturalist.org/observations/67253608
67168036,Atlantic Menhaden,2020-12-27 14:26:26-05:00,"Alpine, NJ 07620, USA","[40.9297666667, -73.9247222222]",research,Alive or Dead: Dead,https://www.inaturalist.org/observations/67168036
67108046,Atlantic Menhaden,2020-12-19 16:14:18-05:00,"Bay Dr, Cape May, NJ, US","[39.00663333, -74.95310333]",research,Alive or Dead: Dead,https://www.inaturalist.org/observations/67108046
66801988,Atlantic Menhaden,2020-12-19 14:32:00-05:00,"Fort Lee, NJ 07024, USA","[40.84625, -73.9735805556]",research,Alive or Dead: Dead,https://www.inaturalist.org/observations/66801988
66801987,Atlantic Menhaden,2020-12-19 14:32:00-05:00,"Bergen, New Jersey, United States","[40.84625, -73.9735805556]",research,Alive or Dead: Dead,https://www.inaturalist.org/observations/66801987
66665449,Atlantic Menhaden,2020-12-15 16:22:54-05:00,"Highlands, NJ 07732, USA","[40.4168244906, -73.9843723923]",research,,https://www.inaturalist.org/observations/66665449
66215079,Atlantic Menhaden,2020-12-06 15:51:24-05:00,"Sayreville, NJ 08872, USA","[40.460853, -74.375365]",research,Alive or Dead: Dead,https://www.inaturalist.org/observations/66215079
66059557,Atlantic Menhaden,2020-12-03 15:59:51-05:00,"Raritan Bay, South Amboy, NJ, US","[40.4911283536, -74.2691302393]",research,,https://www.inaturalist.org/observations/66059557
66027473,Atlantic Menhaden,2020-11-25 11:51:00-05:00,"208 Broadway, Barnegat Light, NJ 08006, USA","[39.7632135, -74.1063824]",research,,https://www.inaturalist.org/observations/66027473
65945620,Atlantic Menhaden,2020-12-01 12:00:18-05:00,"Raritan Bay, South Amboy, NJ, US","[40.4801279279, -74.2681713898]",research,,https://www.inaturalist.org/observations/65945620
65941131,Atlantic Menhaden,2020-11-27 10:18:00-05:00,"Bergen, New Jersey, United States","[40.7876816667, -74.1117866667]",research,,https://www.inaturalist.org/observations/65941131
65910959,Atlantic Menhaden,2020-11-28 13:28:00-05:00,"Old Bridge, NJ, USA","[40.4524669336, -74.2286094512]",research,,https://www.inaturalist.org/observations/65910959
65830995,Atlantic Menhaden,2020-11-29 10:29:00-05:00,"Lyndhurst, NJ, USA","[40.7830183333, -74.1034616667]",research,,https://www.inaturalist.org/observations/65830995
65818246,Atlantic Menhaden,2020-11-29 10:29:11-05:00,"Raritan Bay, Highlands, NJ, US","[40.40976708, -73.9803529752]",research,,https://www.inaturalist.org/observations/65818246
65768175,Atlantic Menhaden,2020-11-28 13:04:00-10:00,"Lyndhurst, NJ, USA","[40.783620276, -74.1044683127]",research,,https://www.inaturalist.org/observations/65768175
65767572,Atlantic Menhaden,2020-11-28 19:39:54+00:00,Atlantic Highlands,"[40.4098629202, -74.0052796563]",research,,https://www.inaturalist.org/observations/65767572
65760396,Atlantic Menhaden,2020-11-28 10:25:37-05:00,"Monmouth County, NJ, USA","[40.4784175556, -74.0099969722]",research,Alive or Dead: Dead,https://www.inaturalist.org/observations/65760396
65475948,Atlantic Menhaden,2020-11-23 10:55:32-05:00,"North Arlington, NJ 07031, USA","[40.78487891, -74.1067186]",research,Alive or Dead: Dead,https://www.inaturalist.org/observations/65475948
65427006,Atlantic Menhaden,2020-11-22 15:16:44-05:00,"Gold Coast, Lyndhurst, NJ, US","[40.781795, -74.1019666667]",research,"Life Stage: Adult, Alive or Dead: Dead",https://www.inaturalist.org/observations/65427006
65363309,Atlantic Menhaden,2020-11-21 08:49:48-05:00,"Sandy Hook, Middletown Township, NJ, USA","[40.4222222222, -73.9819444444]",research,,https://www.inaturalist.org/observations/65363309
65341374,Atlantic Menhaden,2020-07-01 20:06:01-04:00,"Grand Cove Way, Edgewater, NJ, US","[40.8221299972, -73.9743061263]",research,"Life Stage: Adult, Alive or Dead: Dead",https://www.inaturalist.org/observations/65341374
65340799,Atlantic Menhaden,2020-07-01 20:24:18-04:00,"River Rd, Edgewater, NJ, US","[40.827655, -73.97158833]",research,"Life Stage: Adult, Alive or Dead: Dead",https://www.inaturalist.org/observations/65340799
65338405,Atlantic Menhaden,2020-11-21 11:26:23-05:00,"Sandy Hook Beach, Highlands, NJ, US","[40.4130925471, -73.9786243346]",research,,https://www.inaturalist.org/observations/65338405
64886028,Atlantic Menhaden,2020-11-14 09:41:00-05:00,"Sayreville, NJ, USA","[40.4788836661, -74.2678246549]",research,,https://www.inaturalist.org/observations/64886028
64877392,Atlantic Menhaden,2020-11-14 10:35:00-05:00,"Laurence Harbor, Old Bridge Township, NJ, USA","[40.4627195068, -74.2562542191]",research,,https://www.inaturalist.org/observations/64877392
64877391,Atlantic Menhaden,2020-11-14 10:27:00-05:00,"Laurence Harbor, Old Bridge Township, NJ, USA","[40.4627195068, -74.2562542191]",research,,https://www.inaturalist.org/observations/64877391
64877387,Atlantic Menhaden,2020-11-14 10:24:00-05:00,"Laurence Harbor, Old Bridge Township, NJ, USA","[40.4627195068, -74.2562542191]",research,,https://www.inaturalist.org/observations/64877387
64877258,Atlantic Menhaden,2020-11-14 14:33:56-05:00,"Dennis, NJ, USA","[39.2112047, -74.9086371]",research,,https://www.inaturalist.org/observations/64877258
63756954,Atlantic Menhaden,2020-10-04 09:32:00-04:00,"Cape May Point, NJ, USA","[38.9340010544, -74.96644598]",research,,https://www.inaturalist.org/observations/63756954
61820187,Atlantic Menhaden,2020-10-05 16:32:50-04:00,"Long Branch Beach, Long Branch, NJ, US","[40.29553333, -73.978675]",research,,https://www.inaturalist.org/observations/61820187
59831107,Atlantic Menhaden,2020-09-16 19:43:03-04:00,"Giles Ave, Jersey City, NJ, US","[40.7345395393, -74.0730174839]",research,,https://www.inaturalist.org/observations/59831107
59356606,Atlantic Menhaden,2020-09-12 10:26:00-04:00,"Perth Amboy, NJ, USA","[40.5094589408, -74.2885307211]",research,,https://www.inaturalist.org/observations/59356606
59356566,Atlantic Menhaden,2020-09-12 10:17:00-04:00,"Perth Amboy, NJ, USA","[40.5094589408, -74.2885307211]",research,,https://www.inaturalist.org/observations/59356566
58028542,Atlantic Menhaden,2020-08-30 10:30:48-04:00,"Cape Island, Cape May Point, NJ, US","[38.94176333, -74.963775]",research,,https://www.inaturalist.org/observations/58028542
56093913,Atlantic Menhaden,2020-08-10 22:28:16-04:00,"North Atlantic Ocean, NJ, US","[40.0946664131, -74.0345413439]",research,,https://www.inaturalist.org/observations/56093913
55716996,Atlantic Menhaden,2020-08-07 11:54:32-04:00,"Leonardo State Marina, Leonardo, NJ, US","[40.4214662557, -74.0609659765]",research,,https://www.inaturalist.org/observations/55716996
53149296,Atlantic Menhaden,2020-07-15 09:28:27-04:00,"Cape Island, Cape May, NJ, US","[38.9526537937, -74.9635007299]",research,,https://www.inaturalist.org/observations/53149296
53009516,Atlantic Menhaden,2020-07-12 10:06:43-04:00,Cape May Harbor,"[38.9498589399, -74.8902606592]",research,,https://www.inaturalist.org/observations/53009516
52948632,Atlantic Menhaden,2020-07-13 10:52:41-04:00,"Cape May Harbor, Cape May, NJ, US","[38.94573667, -74.90363333]",research,,https://www.inaturalist.org/observations/52948632
50095383,Atlantic Menhaden,2020-06-18 16:51:42-04:00,"Hudson River, Alpine, NJ, US","[40.92681167, -73.92488833]",research,,https://www.inaturalist.org/observations/50095383
49742215,Atlantic Menhaden,2020-06-15 09:35:02-04:00,"Monmouth County, NJ, USA","[40.47845275, -74.0098553889]",research,,https://www.inaturalist.org/observations/49742215
49742161,Atlantic Menhaden,2020-06-15 09:32:53-04:00,"Middletown, NJ, USA","[40.4607856944, -74.0107323889]",research,,https://www.inaturalist.org/observations/49742161
49740975,Atlantic Menhaden,2020-06-15 09:22:39-04:00,"Sandy Hook, Middletown, NJ, USA","[40.4776014444, -74.0094971389]",research,,https://www.inaturalist.org/observations/49740975
49390648,Atlantic Menhaden,2020-06-12 20:54:50-04:00,"Sedge Islands, Ocean Gate, NJ, US","[39.93827, -74.0820695]",research,,https://www.inaturalist.org/observations/49390648
48951897,Atlantic Menhaden,2020-06-08 15:53:00-04:00,"Sandy Hook, Middletown, NJ, USA","[40.4771825278, -74.0086091111]",research,Alive or Dead: Dead,https://www.inaturalist.org/observations/48951897
46158837,Atlantic Menhaden,2020-05-10 19:01:31-04:00,"Sandy Hook Beach, NJ, US","[40.48113667, -74.00657778]",research,,https://www.inaturalist.org/observations/46158837
43617311,Atlantic Menhaden,2020-04-25 12:22:04-04:00,"Navesink River, Red Bank, NJ, US","[40.3570857847, -74.0632318639]",research,,https://www.inaturalist.org/observations/43617311
42293843,Atlantic Menhaden,2020-04-15 16:24:02-04:00,"Navesink River, Rumson, NJ, US","[40.3767908775, -74.0129899758]",research,,https://www.inaturalist.org/observations/42293843
40154105,Atlantic Menhaden,2020-03-17 13:45:00-04:00,"Union Beach, NJ 07735, USA","[40.4537688448, -74.1729703501]",research,,https://www.inaturalist.org/observations/40154105
39126358,Atlantic Menhaden,2020-02-23 12:05:00-05:00,"Sandy Hook, Middletown, NJ, USA","[40.4466758434, -73.9942147107]",research,,https://www.inaturalist.org/observations/39126358
38859792,Atlantic Menhaden,2020-02-19 11:39:56-05:00,"Villas, NJ 08251, USA","[39.0583572388, -74.9218673706]",research,,https://www.inaturalist.org/observations/38859792
37553488,Atlantic Menhaden,2020-01-12 12:52:40-05:00,"Sandy Hook, Middletown, NJ, USA","[40.4063873291, -73.9794464111]",research,,https://www.inaturalist.org/observations/37553488
